{
  "cnv1": {
    "Original": {
      "PIQE": 54.07230031354542,
      "BRISQUE": 48.17265617911775,
      "NIQE": null,
      "SSI": 1.0,
      "SMPI": 1.0,
      "DR-IQA": null,
      "FSIM": 0.8040729761123657,
      "SSIM": 0.9999730831342135
    },
    "bm3d": {
      "PIQE": 51.41609312234645,
      "BRISQUE": 6.860802179948877,
      "NIQE": null,
      "SSI": 0.9048116207122803,
      "SMPI": 0.9566699862480164,
      "DR-IQA": null,
      "FSIM": 1.0,
      "SSIM": 0.9999999999645632
    },
    "nlmeans": {
      "PIQE": 54.187190567632285,
      "BRISQUE": -20.15318832095116,
      "NIQE": null,
      "SSI": 0.9862238168716431,
      "SMPI": 0.9841123819351196,
      "DR-IQA": null,
      "FSIM": 0.9754396080970764,
      "SSIM": 0.9999888633753259
    },
    "srad": {
      "PIQE": 60.47300446371631,
      "BRISQUE": 39.28002535864263,
      "NIQE": null,
      "SSI": 0.6074147820472717,
      "SMPI": 0.886370062828064,
      "DR-IQA": null,
      "FSIM": 0.8840768933296204,
      "SSIM": 0.999951244658579
    },
    "proposed": {
      "PIQE": 41.540602816667246,
      "BRISQUE": 20.01336120564676,
      "NIQE": null,
      "SSI": 0.6612347364425659,
      "SMPI": 0.8545334935188293,
      "DR-IQA": null,
      "FSIM": 0.8970034122467041,
      "SSIM": 0.9999238392969374
    }
  },
  "cnv2": {
    "Original": {
      "PIQE": 33.55054899045857,
      "BRISQUE": 13.78798221961162,
      "NIQE": null,
      "SSI": 1.0,
      "SMPI": 1.0,
      "DR-IQA": null,
      "FSIM": 0.8840289115905762,
      "SSIM": 0.9999885091671054
    },
    "bm3d": {
      "PIQE": 73.34765344066967,
      "BRISQUE": 43.744496016977536,
      "NIQE": null,
      "SSI": 0.8964946866035461,
      "SMPI": 0.974576473236084,
      "DR-IQA": null,
      "FSIM": 1.0,
      "SSIM": 1.0000000000177185
    },
    "nlmeans": {
      "PIQE": 71.26687982455681,
      "BRISQUE": 37.91745880978371,
      "NIQE": null,
      "SSI": 0.9830549359321594,
      "SMPI": 0.9873204231262207,
      "DR-IQA": null,
      "FSIM": 0.987589418888092,
      "SSIM": 0.9999920569191931
    },
    "srad": {
      "PIQE": 79.18760581028027,
      "BRISQUE": 42.91940025427286,
      "NIQE": null,
      "SSI": 0.6925371289253235,
      "SMPI": 0.8797752857208252,
      "DR-IQA": null,
      "FSIM": 0.914871335029602,
      "SSIM": 0.9999552710728186
    },
    "proposed": {
      "PIQE": 42.000995693398984,
      "BRISQUE": 8.187202033033117,
      "NIQE": null,
      "SSI": 0.7305891513824463,
      "SMPI": 0.8253898620605469,
      "DR-IQA": null,
      "FSIM": 0.9252825379371643,
      "SSIM": 0.9999224500515799
    }
  },
  "dme1": {
    "Original": {
      "PIQE": 35.269553031715155,
      "BRISQUE": 0.7185245220668719,
      "NIQE": null,
      "SSI": 1.0,
      "SMPI": 1.0,
      "DR-IQA": null,
      "FSIM": 0.9039056897163391,
      "SSIM": 0.9999896312901013
    },
    "bm3d": {
      "PIQE": 75.03514668356208,
      "BRISQUE": 12.72085658146895,
      "NIQE": null,
      "SSI": 0.9175233840942383,
      "SMPI": 0.964811384677887,
      "DR-IQA": null,
      "FSIM": 1.0,
      "SSIM": 1.0000000000354368
    },
    "nlmeans": {
      "PIQE": 71.35076986498454,
      "BRISQUE": 8.429114153429254,
      "NIQE": null,
      "SSI": 0.9952263832092285,
      "SMPI": 0.9789078235626221,
      "DR-IQA": null,
      "FSIM": 0.9877583384513855,
      "SSIM": 0.9999935875926942
    },
    "srad": {
      "PIQE": 76.27951723516614,
      "BRISQUE": 21.95221929799365,
      "NIQE": null,
      "SSI": 0.702333390712738,
      "SMPI": 0.8711469173431396,
      "DR-IQA": null,
      "FSIM": 0.9092190265655518,
      "SSIM": 0.999972431682378
    },
    "proposed": {
      "PIQE": 45.550973144348625,
      "BRISQUE": -14.12949940511524,
      "NIQE": null,
      "SSI": 0.7624537348747253,
      "SMPI": 0.8120522499084473,
      "DR-IQA": null,
      "FSIM": 0.9238954782485962,
      "SSIM": 0.9999539056232511
    }
  },
  "dme2": {
    "Original": {
      "PIQE": 53.168243533415136,
      "BRISQUE": 14.518971824831823,
      "NIQE": null,
      "SSI": 1.0,
      "SMPI": 1.0,
      "DR-IQA": null,
      "FSIM": 0.8850835561752319,
      "SSIM": 0.9999876590744635
    },
    "bm3d": {
      "PIQE": 80.75726387208451,
      "BRISQUE": 30.444245596828722,
      "NIQE": null,
      "SSI": 0.9156014323234558,
      "SMPI": 0.9627498388290405,
      "DR-IQA": null,
      "FSIM": 0.9999998807907104,
      "SSIM": 1.0000000000354368
    },
    "nlmeans": {
      "PIQE": 67.66597006785427,
      "BRISQUE": 17.89363098550004,
      "NIQE": null,
      "SSI": 0.9681503772735596,
      "SMPI": 0.9753515124320984,
      "DR-IQA": null,
      "FSIM": 0.9851402640342712,
      "SSIM": 0.9999937927893028
    },
    "srad": {
      "PIQE": 58.155873688601154,
      "BRISQUE": 32.354722431632325,
      "NIQE": null,
      "SSI": 0.6481714844703674,
      "SMPI": 0.8500623106956482,
      "DR-IQA": null,
      "FSIM": 0.883231520652771,
      "SSIM": 0.9999633084331483
    },
    "proposed": {
      "PIQE": 36.690996505215765,
      "BRISQUE": -4.517806601144258,
      "NIQE": null,
      "SSI": 0.7371823787689209,
      "SMPI": 0.8012368083000183,
      "DR-IQA": null,
      "FSIM": 0.9101235270500183,
      "SSIM": 0.9999441931314332
    }
  },
  "drusen1": {
    "Original": {
      "PIQE": 55.33283756523569,
      "BRISQUE": 44.53075317778777,
      "NIQE": null,
      "SSI": 1.0,
      "SMPI": 1.0,
      "DR-IQA": null,
      "FSIM": 0.8382096290588379,
      "SSIM": 0.9999747334245269
    },
    "bm3d": {
      "PIQE": 83.93410303294182,
      "BRISQUE": 20.29038375142406,
      "NIQE": null,
      "SSI": 0.9678232669830322,
      "SMPI": 0.9637749791145325,
      "DR-IQA": null,
      "FSIM": 1.0000001192092896,
      "SSIM": 1.0000000000177185
    },
    "nlmeans": {
      "PIQE": 40.220081425718575,
      "BRISQUE": -5.733952022303384,
      "NIQE": null,
      "SSI": 1.006455659866333,
      "SMPI": 0.9737300872802734,
      "DR-IQA": null,
      "FSIM": 0.9752643704414368,
      "SSIM": 0.9999932539909546
    },
    "srad": {
      "PIQE": 65.48349634468687,
      "BRISQUE": 27.90113141341928,
      "NIQE": null,
      "SSI": 0.7347302436828613,
      "SMPI": 0.8619484305381775,
      "DR-IQA": null,
      "FSIM": 0.8758721351623535,
      "SSIM": 0.9999447084352038
    },
    "proposed": {
      "PIQE": 49.84154720961742,
      "BRISQUE": 15.597627767507873,
      "NIQE": null,
      "SSI": 0.7937682867050171,
      "SMPI": 0.8026087880134583,
      "DR-IQA": null,
      "FSIM": 0.8817856311798096,
      "SSIM": 0.9999158180780559
    }
  },
  "drusen2": {
    "Original": {
      "PIQE": 30.506677280478545,
      "BRISQUE": 29.741650103148203,
      "NIQE": null,
      "SSI": 1.0,
      "SMPI": 1.0,
      "DR-IQA": null,
      "FSIM": 0.9030076265335083,
      "SSIM": 0.9999898807649522
    },
    "bm3d": {
      "PIQE": 84.45070783794681,
      "BRISQUE": 44.902865503342326,
      "NIQE": null,
      "SSI": 0.8829978108406067,
      "SMPI": 0.9793736338615417,
      "DR-IQA": null,
      "FSIM": 1.0,
      "SSIM": 1.0
    },
    "nlmeans": {
      "PIQE": 81.5895344325852,
      "BRISQUE": 38.744639389901494,
      "NIQE": null,
      "SSI": 0.7428936958312988,
      "SMPI": 0.989773690700531,
      "DR-IQA": null,
      "FSIM": 0.9870445132255554,
      "SSIM": 0.9999931696514454
    },
    "srad": {
      "PIQE": 89.78061538621797,
      "BRISQUE": 59.53059822300631,
      "NIQE": null,
      "SSI": 0.8873152136802673,
      "SMPI": 0.8334923982620239,
      "DR-IQA": null,
      "FSIM": 0.8787901997566223,
      "SSIM": 0.9999504214624446
    },
    "proposed": {
      "PIQE": 29.913747399902324,
      "BRISQUE": 14.047340544738034,
      "NIQE": null,
      "SSI": 0.9910582900047302,
      "SMPI": 0.773036777973175,
      "DR-IQA": null,
      "FSIM": 0.8952677845954895,
      "SSIM": 0.9999379747404354
    }
  },
  "normal1": {
    "Original": {
      "PIQE": 50.76000643207427,