{
  "bm3d": {
    "FSIM": {
      "mean": 1.0,
      "std": 5.6195798014525375e-08,
      "n": 9
    },
    "SSIM": {
      "mean": 1.0000000000098437,
      "std": 2.064800983574176e-11,
      "n": 9
    },
    "SSI": {
      "mean": 0.7850764393806458,
      "std": 0.24867001175880432,
      "n": 9
    },
    "SMPI": {
      "mean": 0.9637960857815213,
      "std": 0.014333226158258834,
      "n": 9
    },
    "PIQE": {
      "mean": 77.08764409460841,
      "std": 9.963023060363637,
      "n": 9
    },
    "BRISQUE": {
      "mean": 34.230803840622066,
      "std": 16.907261129843288,
      "n": 9
    }
  },
  "nlmeans": {
    "FSIM": {
      "mean": 0.9824473526742723,
      "std": 0.005022853835386917,
      "n": 9
    },
    "SSIM": {
      "mean": 0.9999930204094944,
      "std": 1.6252271267340356e-06,
      "n": 9
    },
    "SSI": {
      "mean": 0.7881892919540405,
      "std": 0.32465559244155884,
      "n": 9
    },
    "SMPI": {
      "mean": 0.977850874265035,
      "std": 0.012189897579391457,
      "n": 9
    },
    "PIQE": {
      "mean": 64.01762824575476,
      "std": 12.010764650506047,
      "n": 9
    },
    "BRISQUE": {
      "mean": 21.849071185337326,
      "std": 22.071076314740832,
      "n": 9
    }
  },
  "srad": {
    "FSIM": {
      "mean": 0.886575546529558,
      "std": 0.015863613229989314,
      "n": 9
    },
    "SSIM": {
      "mean": 0.9999560533729535,
      "std": 1.5407421340001798e-05,
      "n": 9
    },
    "SSI": {
      "mean": 0.620414137840271,
      "std": 0.16689656674861908,
      "n": 9
    },
    "SMPI": {
      "mean": 0.847037586900923,
      "std": 0.03852338075467496,
      "n": 9
    },
    "PIQE": {
      "mean": 72.35963021174994,
      "std": 9.237021048638747,
      "n": 9
    },
    "BRISQUE": {
      "mean": 42.46363890983984,
      "std": 13.688043394184202,
      "n": 9
    }
  },
  "proposed": {
    "FSIM": {
      "mean": 0.8954301277796427,
      "std": 0.029166265328925217,
      "n": 9
    },
    "SSIM": {
      "mean": 0.9999310528665823,
      "std": 3.515223570430777e-05,
      "n": 9
    },
    "SSI": {
      "mean": 0.7026993632316589,
      "std": 0.14526212215423584,
      "n": 9
    },
    "SMPI": {
      "mean": 0.7854606906572977,
      "std": 0.051478821519649144,
      "n": 9
    },
    "PIQE": {
      "mean": 39.6051384463784,
      "std": 7.702018925827354,
      "n": 9
    },
    "BRISQUE": {
      "mean": 11.711881636977722,
      "std": 14.093546184684069,
      "n": 9
    }
  }
}