{
  "cnv1": {
    "Original": {
      "PIQE": 54.07230031354542,
      "BRISQUE": 48.172656179115705,
      "NIQE": null,
      "SSI": 1.0,
      "SMPI": 1.0,
      "DR-IQA": null,
      "FSIM": 0.804072916507721,
      "SSIM": 0.9999730831164951
    },
    "bm3d": {
      "PIQE": 51.41609312234645,
      "BRISQUE": 6.860802179956153,
      "NIQE": null,
      "SSI": 0.9048117399215698,
      "SMPI": 0.9566701054573059,
      "DR-IQA": null,
      "FSIM": 1.0,
      "SSIM": 1.000000000088592
    },
    "nlmeans": {
      "PIQE": 54.187190567632285,
      "BRISQUE": -20.15318832095207,
      "NIQE": null,
      "SSI": 0.9862238168716431,
      "SMPI": 0.9841123819351196,
      "DR-IQA": null,
      "FSIM": 0.9754396080970764,
      "SSIM": 0.9999888632512971
    },
    "srad": {
      "PIQE": 60.47300446371631,
      "BRISQUE": 39.280025358656275,
      "NIQE": null,
      "SSI": 0.6074147820472717,
      "SMPI": 0.886370062828064,
      "DR-IQA": null,
      "FSIM": 0.8840769529342651,
      "SSIM": 0.9999512445168319
    },
    "proposed": {
      "PIQE": 41.540602816667246,
      "BRISQUE": 20.013361205638574,
      "NIQE": null,
      "SSI": 0.6612347364425659,
      "SMPI": 0.8545334935188293,
      "DR-IQA": null,
      "FSIM": 0.8970033526420593,
      "SSIM": 0.9999238392260639
    }
  },
  "cnv2": {
    "Original": {
      "PIQE": 33.55054899045857,
      "BRISQUE": 13.787982219627082,
      "NIQE": null,
      "SSI": 1.0,
      "SMPI": 1.0,
      "DR-IQA": null,
      "FSIM": 0.8840290904045105,
      "SSIM": 0.9999885090785134
    },
    "bm3d": {
      "PIQE": 73.34765344066967,
      "BRISQUE": 43.74449601696253,
      "NIQE": null,
      "SSI": 0.8964946866035461,
      "SMPI": 0.974576473236084,
      "DR-IQA": null,
      "FSIM": 1.0,
      "SSIM": 0.9999999999822816
    },
    "nlmeans": {
      "PIQE": 71.26687982455681,
      "BRISQUE": 37.91745880976006,
      "NIQE": null,
      "SSI": 0.9830549359321594,
      "SMPI": 0.9873204231262207,
      "DR-IQA": null,
      "FSIM": 0.987589418888092,
      "SSIM": 0.999992057007785
    },
    "srad": {
      "PIQE": 79.18760581028027,
      "BRISQUE": 42.919400254273086,
      "NIQE": null,
      "SSI": 0.6925371289253235,
      "SMPI": 0.8797752857208252,
      "DR-IQA": null,
      "FSIM": 0.9148712754249573,
      "SSIM": 0.9999552711082553
    },
    "proposed": {
      "PIQE": 42.000995693398984,
      "BRISQUE": 8.187202033031411,
      "NIQE": null,
      "SSI": 0.7305891513824463,
      "SMPI": 0.8253898620605469,
      "DR-IQA": null,
      "FSIM": 0.9252824783325195,
      "SSIM": 0.9999224501756085
    }
  },
  "dme1": {
    "Original": {
      "PIQE": 35.269553031715155,
      "BRISQUE": 0.7185245220595959,
      "NIQE": null,
      "SSI": 1.0,
      "SMPI": 1.0,
      "DR-IQA": null,
      "FSIM": 0.9039056897163391,
      "SSIM": 0.9999896312546644
    },
    "bm3d": {
      "PIQE": 75.03514668356208,
      "BRISQUE": 12.72085658147509,
      "NIQE": null,
      "SSI": 0.9175233244895935,
      "SMPI": 0.964811384677887,
      "DR-IQA": null,
      "FSIM": 1.0,
      "SSIM": 0.9999999999822816
    },
    "nlmeans": {
      "PIQE": 71.35076986498454,
      "BRISQUE": 8.429114153468362,
      "NIQE": null,
      "SSI": 0.9952263832092285,
      "SMPI": 0.9789078235626221,
      "DR-IQA": null,
      "FSIM": 0.9877583980560303,
      "SSIM": 0.9999935875218207
    },
    "srad": {
      "PIQE": 76.27951723516614,
      "BRISQUE": 21.952219298001836,
      "NIQE": null,
      "SSI": 0.702333390712738,
      "SMPI": 0.8711469173431396,
      "DR-IQA": null,
      "FSIM": 0.9092190265655518,
      "SSIM": 0.9999724315937861
    },
    "proposed": {
      "PIQE": 45.550973144348625,
      "BRISQUE": -14.129499405112512,
      "NIQE": null,
      "SSI": 0.7624537348747253,
      "SMPI": 0.8120522499084473,
      "DR-IQA": null,
      "FSIM": 0.9238954782485962,
      "SSIM": 0.9999539055169409
    }
  },
  "dme2": {
    "Original": {
      "PIQE": 53.168243533415136,
      "BRISQUE": 14.518971824817271,
      "NIQE": null,
      "SSI": 1.0,
      "SMPI": 1.0,
      "DR-IQA": null,
      "FSIM": 0.8850836157798767,
      "SSIM": 0.9999876592162106
    },
    "bm3d": {
      "PIQE": 80.75726387208451,
      "BRISQUE": 30.444245596818945,
      "NIQE": null,
      "SSI": 0.9156014919281006,
      "SMPI": 0.9627498388290405,
      "DR-IQA": null,
      "FSIM": 1.0,
      "SSIM": 1.0
    },
    "nlmeans": {
      "PIQE": 67.66597006785427,
      "BRISQUE": 17.89363098549947,
      "NIQE": null,
      "SSI": 0.9681503772735596,
      "SMPI": 0.9753515124320984,
      "DR-IQA": null,
      "FSIM": 0.9851402640342712,
      "SSIM": 0.9999937927893028
    },
    "srad": {
      "PIQE": 58.155873688601154,
      "BRISQUE": 32.35472243161959,
      "NIQE": null,
      "SSI": 0.6481714844703674,
      "SMPI": 0.8500623106956482,
      "DR-IQA": null,
      "FSIM": 0.883231520652771,
      "SSIM": 0.9999633083977115
    },
    "proposed": {
      "PIQE": 36.690996505215765,
      "BRISQUE": -4.517806601132435,
      "NIQE": null,
      "SSI": 0.7371823787689209,
      "SMPI": 0.8012368083000183,
      "DR-IQA": null,
      "FSIM": 0.9101235866546631,
      "SSIM": 0.9999441932023068
    }
  },
  "drusen1": {
    "Original": {
      "PIQE": 55.33283756523569,
      "BRISQUE": 44.53075317777686,
      "NIQE": null,
      "SSI": 1.0,
      "SMPI": 1.0,
      "DR-IQA": null,
      "FSIM": 0.8382096886634827,
      "SSIM": 0.9999747334954004
    },
    "bm3d": {
      "PIQE": 83.93410303294182,
      "BRISQUE": 20.290383751433836,
      "NIQE": null,
      "SSI": 0.967823326587677,
      "SMPI": 0.9637748599052429,
      "DR-IQA": null,
      "FSIM": 1.0,
      "SSIM": 1.0000000001063103
    },
    "nlmeans": {
      "PIQE": 40.220081425718575,
      "BRISQUE": -5.733952022297018,
      "NIQE": null,
      "SSI": 1.006455659866333,
      "SMPI": 0.9737300872802734,
      "DR-IQA": null,
      "FSIM": 0.9752644896507263,
      "SSIM": 0.9999932540618282
    },
    "srad": {
      "PIQE": 65.48349634468687,
      "BRISQUE": 27.901131413422917,
      "NIQE": null,
      "SSI": 0.7347302436828613,
      "SMPI": 0.8619484305381775,
      "DR-IQA": null,
      "FSIM": 0.8758720755577087,
      "SSIM": 0.9999447084883589
    },
    "proposed": {
      "PIQE": 49.84154720961742,
      "BRISQUE": 15.59762776753334,
      "NIQE": null,
      "SSI": 0.7937682867050171,
      "SMPI": 0.8026087880134583,
      "DR-IQA": null,
      "FSIM": 0.8817856907844543,
      "SSIM": 0.9999158180957742
    }
  },
  "drusen2": {
    "Original": {
      "PIQE": 30.506677280478545,
      "BRISQUE": 29.741650103149226,
      "NIQE": null,
      "SSI": 1.0,
      "SMPI": 1.0,
      "DR-IQA": null,
      "FSIM": 0.9030076265335083,
      "SSIM": 0.9999898807649522
    },
    "bm3d": {
      "PIQE": 84.45070783794681,
      "BRISQUE": 44.90286550335756,
      "NIQE": null,
      "SSI": 0.8829978108406067,
      "SMPI": 0.9793736338615417,
      "DR-IQA": null,
      "FSIM": 1.0,
      "SSIM": 0.9999999999822816
    },
    "nlmeans": {
      "PIQE": 81.5895344325852,
      "BRISQUE": 38.74463938991025,
      "NIQE": null,
      "SSI": 0.7428936958312988,
      "SMPI": 0.989773690700531,
      "DR-IQA": null,
      "FSIM": 0.9870443344116211,
      "SSIM": 0.9999931696514454
    },
    "srad": {
      "PIQE": 89.78061538621797,
      "BRISQUE": 59.53059822301904,
      "NIQE": null,
      "SSI": 0.8873152136802673,
      "SMPI": 0.8334923982620239,
      "DR-IQA": null,
      "FSIM": 0.8787900805473328,
      "SSIM": 0.9999504214624446
    },
    "proposed": {
      "PIQE": 29.913747399902324,
      "BRISQUE": 14.047340544723482,
      "NIQE": null,
      "SSI": 0.9910582900047302,
      "SMPI": 0.773036777973175,
      "DR-IQA": null,
      "FSIM": 0.8952677845954895,
      "SSIM": 0.9999379747404354
    }
  },
  "normal1": {
    "Original": {
      "PIQE": 50.76000643207427,
      "BRISQUE": 43.5081836564743,
      "NIQE": null,