{
  "bm3d": {
    "FSIM": {
      "mean": 1.0000000132454767,
      "std": 3.7463865343016915e-08,
      "n": 9
    },
    "SSIM": {
      "mean": 1.0000000000157496,
      "std": 4.532310854526547e-11,
      "n": 9
    },
    "SSI": {
      "mean": 0.7850765585899353,
      "std": 0.24866999685764313,
      "n": 9
    },
    "SMPI": {
      "mean": 0.9637960857815213,
      "std": 0.014333231272220947,
      "n": 9
    },
    "PIQE": {
      "mean": 77.08764409460841,
      "std": 9.963023060363637,
      "n": 9
    },
    "BRISQUE": {
      "mean": 34.230803840622784,
      "std": 16.907261129840702,
      "n": 9
    }
  },
  "nlmeans": {
    "FSIM": {
      "mean": 0.9824473659197489,
      "std": 0.005022814845246359,
      "n": 9
    },
    "SSIM": {
      "mean": 0.999993020405557,
      "std": 1.6252577145725477e-06,
      "n": 9
    },
    "SSI": {
      "mean": 0.7881892919540405,
      "std": 0.32465559244155884,
      "n": 9
    },
    "SMPI": {
      "mean": 0.977850874265035,
      "std": 0.012189897579391457,
      "n": 9
    },
    "PIQE": {
      "mean": 64.01762824575476,
      "std": 12.010764650506047,
      "n": 9
    },
    "BRISQUE": {
      "mean": 21.849071185340698,
      "std": 22.07107631473755,
      "n": 9
    }
  },
  "srad": {
    "FSIM": {
      "mean": 0.8865755332840813,
      "std": 0.015863590818975766,
      "n": 9
    },
    "SSIM": {
      "mean": 0.9999560533532663,
      "std": 1.5407421375153357e-05,
      "n": 9
    },
    "SSI": {
      "mean": 0.620414137840271,
      "std": 0.16689656674861908,
      "n": 9
    },
    "SMPI": {
      "mean": 0.847037586900923,
      "std": 0.03852338075467496,
      "n": 9
    },
    "PIQE": {
      "mean": 72.35963021174994,
      "std": 9.237021048638747,
      "n": 9
    },
    "BRISQUE": {
      "mean": 42.463638909844526,
      "std": 13.688043394188071,
      "n": 9
    }
  },
  "proposed": {
    "FSIM": {
      "mean": 0.8954301079114279,
      "std": 0.02916628017148371,
      "n": 9
    },
    "SSIM": {
      "mean": 0.999931052856739,
      "std": 3.5152223723149074e-05,
      "n": 9
    },
    "SSI": {
      "mean": 0.7026993632316589,
      "std": 0.14526212215423584,
      "n": 9
    },
    "SMPI": {
      "mean": 0.7854606906572977,
      "std": 0.051478821519649144,
      "n": 9
    },
    "PIQE": {
      "mean": 39.6051384463784,
      "std": 7.702018925827354,
      "n": 9
    },
    "BRISQUE": {
      "mean": 11.711881636980868,
      "std": 14.093546184682374,
      "n": 9
    }
  }
}