{
  "bm3d": {
    "SSI": {
      "mean": 0.6984291607514024,
      "std": 0.10757200755161705,
      "n": 32
    },
    "SMPI": {
      "mean": 0.9766381476074457,
      "std": 0.01407846419389748,
      "n": 32
    },
    "ENL": {
      "mean": 168.37596237659454,
      "std": 107.36826330825654,
      "n": 32
    },
    "CNR": {
      "mean": 22.148450220702216,
      "std": 78.44680244908035,
      "n": 32
    },
    "NSF": {
      "mean": 0.16129744649515487,
      "std": 0.14377368899534396,
      "n": 32
    },
    "EPF": {
      "mean": 0.8203924894332886,
      "std": 0.12832674000715968,
      "n": 32
    },
    "EPI": {
      "mean": 0.9371608192916444,
      "std": 0.03866060716657577,
      "n": 32
    },
    "OMQDI": {
      "mean": 0.9816899374127388,
      "std": 0.07855222365262683,
      "n": 32
    }
  },
  "nlmeans": {
    "SSI": {
      "mean": 0.584242133423686,
      "std": 0.11073709495243678,
      "n": 32
    },
    "SMPI": {
      "mean": 0.9745354112237692,
      "std": 0.013743451048039623,
      "n": 32
    },
    "ENL": {
      "mean": 240.21707034111023,
      "std": 139.40487965581335,
      "n": 32
    },
    "CNR": {
      "mean": 18.666171476244926,
      "std": 55.884572953484664,
      "n": 32
    },
    "NSF": {
      "mean": 0.11745064539718442,
      "std": 0.10621265759593203,
      "n": 32
    },
    "EPF": {
      "mean": 0.8649900536984205,
      "std": 0.10293167620752253,
      "n": 32
    },
    "EPI": {
      "mean": 0.9441624067715692,
      "std": 0.032414527027744305,
      "n": 32
    },
    "OMQDI": {
      "mean": 0.982440697029233,
      "std": 0.06342236334790004,
      "n": 32
    }
  },
  "srad": {
    "SSI": {
      "mean": 0.699232742190361,
      "std": 0.09794779722288148,
      "n": 32
    },
    "SMPI": {
      "mean": 0.9400525521486998,
      "std": 0.021235050441292137,
      "n": 32
    },
    "ENL": {
      "mean": 158.20502138137817,
      "std": 80.59587373282417,
      "n": 32
    },
    "CNR": {
      "mean": 9.181285215192474,
      "std": 24.02931534535367,
      "n": 32
    },
    "NSF": {
      "mean": 0.5345184523612261,
      "std": 0.13992401972859128,
      "n": 32
    },
    "EPF": {
      "mean": 0.5125039224512875,
      "std": 0.1746324417796118,
      "n": 32
    },
    "EPI": {
      "mean": 0.8226893535332607,
      "std": 0.0673932835325988,
      "n": 32
    },
    "OMQDI": {
      "mean": 1.0470223743468523,
      "std": 0.08924385435178206,
      "n": 32
    }
  },
  "proposed": {
    "SSI": {
      "mean": 0.9222546983510256,
      "std": 0.06145858345490984,
      "n": 32
    },
    "SMPI": {
      "mean": 0.9706279765814543,
      "std": 0.016087001051421326,
      "n": 32
    },
    "ENL": {
      "mean": 87.69472312927246,
      "std": 41.07097408798157,
      "n": 32
    },
    "CNR": {
      "mean": 5.229657071795373,
      "std": 9.916308549555236,
      "n": 32
    },
    "NSF": {
      "mean": 0.10812137858010828,
      "std": 0.06297405421660483,
      "n": 32
    },
    "EPF": {
      "mean": 0.9243588056415319,
      "std": 0.041693744071734776,
      "n": 32
    },
    "EPI": {
      "mean": 0.9238554530831026,
      "std": 0.04229569824077448,
      "n": 32
    },
    "OMQDI": {
      "mean": 1.0324801728129387,
      "std": 0.03284440777448636,
      "n": 32
    }
  }
}