{
  "cnv1": {
    "Original": {
      "PIQE": 54.07230031354542,
      "BRISQUE": 48.17265617911718,
      "NIQE": null,
      "SSI": 1.0,
      "SMPI": 1.0,
      "DR-IQA": null,
      "FSIM": 0.804072916507721,
      "SSIM": 0.999973082974748
    },
    "bm3d": {
      "PIQE": 51.41609312234645,
      "BRISQUE": 6.860802179928413,
      "NIQE": null,
      "SSI": 0.904811680316925,
      "SMPI": 0.9566699862480164,
      "DR-IQA": null,
      "FSIM": 1.0,
      "SSIM": 0.9999999999822816
    },
    "nlmeans": {
      "PIQE": 54.187190567632285,
      "BRISQUE": -20.15318832094752,
      "NIQE": null,
      "SSI": 0.9862238168716431,
      "SMPI": 0.9841123819351196,
      "DR-IQA": null,
      "FSIM": 0.9754396080970764,
      "SSIM": 0.9999888632335787
    },
    "srad": {
      "PIQE": 60.47300446371631,
      "BRISQUE": 39.28002535864718,
      "NIQE": null,
      "SSI": 0.6074147820472717,
      "SMPI": 0.886370062828064,
      "DR-IQA": null,
      "FSIM": 0.8840770721435547,
      "SSIM": 0.9999512446408606
    },
    "proposed": {
      "PIQE": 41.540602816667246,
      "BRISQUE": 20.013361205640393,
      "NIQE": null,
      "SSI": 0.6612347364425659,
      "SMPI": 0.8545334935188293,
      "DR-IQA": null,
      "FSIM": 0.8970034122467041,
      "SSIM": 0.9999238393678109
    }
  },
  "cnv2": {
    "Original": {
      "PIQE": 33.55054899045857,
      "BRISQUE": 13.787982219605254,
      "NIQE": null,
      "SSI": 1.0,
      "SMPI": 1.0,
      "DR-IQA": null,
      "FSIM": 0.8840289115905762,
      "SSIM": 0.9999885092025421
    },
    "bm3d": {
      "PIQE": 73.34765344066967,
      "BRISQUE": 43.74449601695207,
      "NIQE": null,
      "SSI": 0.8964946866035461,
      "SMPI": 0.974576473236084,
      "DR-IQA": null,
      "FSIM": 1.0,
      "SSIM": 1.0000000000354368
    },
    "nlmeans": {
      "PIQE": 71.26687982455681,
      "BRISQUE": 37.91745880977666,
      "NIQE": null,
      "SSI": 0.9830549359321594,
      "SMPI": 0.9873204231262207,
      "DR-IQA": null,
      "FSIM": 0.9875893592834473,
      "SSIM": 0.9999920569369115
    },
    "srad": {
      "PIQE": 79.18760581028027,
      "BRISQUE": 42.91940025426433,
      "NIQE": null,
      "SSI": 0.6925371289253235,
      "SMPI": 0.8797752857208252,
      "DR-IQA": null,
      "FSIM": 0.9148713946342468,
      "SSIM": 0.9999552711259737
    },
    "proposed": {
      "PIQE": 42.000995693398984,
      "BRISQUE": 8.187202033049942,
      "NIQE": null,
      "SSI": 0.7305891513824463,
      "SMPI": 0.8253898620605469,
      "DR-IQA": null,
      "FSIM": 0.9252824187278748,
      "SSIM": 0.9999224499452696
    }
  },
  "dme1": {
    "Original": {
      "PIQE": 35.269553031715155,
      "BRISQUE": 0.7185245220814238,
      "NIQE": null,
      "SSI": 1.0,
      "SMPI": 1.0,
      "DR-IQA": null,
      "FSIM": 0.9039056897163391,
      "SSIM": 0.9999896312369461
    },
    "bm3d": {
      "PIQE": 75.03514668356208,
      "BRISQUE": 12.720856581471907,
      "NIQE": null,
      "SSI": 0.9175233244895935,
      "SMPI": 0.964811384677887,
      "DR-IQA": null,
      "FSIM": 1.0,
      "SSIM": 0.9999999999645632
    },
    "nlmeans": {
      "PIQE": 71.35076986498454,
      "BRISQUE": 8.42911415344335,
      "NIQE": null,
      "SSI": 0.9952263832092285,
      "SMPI": 0.9789078235626221,
      "DR-IQA": null,
      "FSIM": 0.9877585172653198,
      "SSIM": 0.9999935876458493
    },
    "srad": {
      "PIQE": 76.27951723516614,
      "BRISQUE": 21.95221929799547,
      "NIQE": null,
      "SSI": 0.702333390712738,
      "SMPI": 0.8711469173431396,
      "DR-IQA": null,
      "FSIM": 0.9092190861701965,
      "SSIM": 0.9999724316646597
    },
    "proposed": {
      "PIQE": 45.550973144348625,
      "BRISQUE": -14.129499405117969,
      "NIQE": null,
      "SSI": 0.7624537348747253,
      "SMPI": 0.8120522499084473,
      "DR-IQA": null,
      "FSIM": 0.9238954782485962,
      "SSIM": 0.9999539055878144
    }
  },
  "dme2": {
    "Original": {
      "PIQE": 53.168243533415136,
      "BRISQUE": 14.51897182485456,
      "NIQE": null,
      "SSI": 1.0,
      "SMPI": 1.0,
      "DR-IQA": null,
      "FSIM": 0.8850835561752319,
      "SSIM": 0.9999876591099003
    },
    "bm3d": {
      "PIQE": 80.75726387208451,
      "BRISQUE": 30.44424559680803,
      "NIQE": null,
      "SSI": 0.9156014323234558,
      "SMPI": 0.9627498388290405,
      "DR-IQA": null,
      "FSIM": 1.0,
      "SSIM": 1.0000000000354368
    },
    "nlmeans": {
      "PIQE": 67.66597006785427,
      "BRISQUE": 17.89363098552596,
      "NIQE": null,
      "SSI": 0.9681503772735596,
      "SMPI": 0.9753515124320984,
      "DR-IQA": null,
      "FSIM": 0.9851402640342712,
      "SSIM": 0.9999937927715844
    },
    "srad": {
      "PIQE": 58.155873688601154,
      "BRISQUE": 32.35472243163596,
      "NIQE": null,
      "SSI": 0.6481714844703674,
      "SMPI": 0.8500623106956482,
      "DR-IQA": null,
      "FSIM": 0.8832315802574158,
      "SSIM": 0.999963308326838
    },
    "proposed": {
      "PIQE": 36.690996505215765,
      "BRISQUE": -4.517806601103445,
      "NIQE": null,
      "SSI": 0.7371823787689209,
      "SMPI": 0.8012368083000183,
      "DR-IQA": null,
      "FSIM": 0.9101234078407288,
      "SSIM": 0.99994419316687
    }
  },
  "drusen1": {
    "Original": {
      "PIQE": 55.33283756523569,
      "BRISQUE": 44.530753177822334,
      "NIQE": null,
      "SSI": 1.0,
      "SMPI": 1.0,
      "DR-IQA": null,
      "FSIM": 0.8382096290588379,
      "SSIM": 0.999974733566274
    },
    "bm3d": {
      "PIQE": 83.93410303294182,
      "BRISQUE": 20.290383751431108,
      "NIQE": null,
      "SSI": 0.967823326587677,
      "SMPI": 0.9637748599052429,
      "DR-IQA": null,
      "FSIM": 1.0,
      "SSIM": 0.9999999999468449
    },
    "nlmeans": {
      "PIQE": 40.220081425718575,
      "BRISQUE": -5.7339520222924705,
      "NIQE": null,
      "SSI": 1.006455659866333,
      "SMPI": 0.9737300872802734,
      "DR-IQA": null,
      "FSIM": 0.9752643704414368,
      "SSIM": 0.9999932541504201
    },
    "srad": {
      "PIQE": 65.48349634468687,
      "BRISQUE": 27.901131413417914,
      "NIQE": null,
      "SSI": 0.7347302436828613,
      "SMPI": 0.8619484305381775,
      "DR-IQA": null,
      "FSIM": 0.8758722543716431,
      "SSIM": 0.9999447085060773
    },
    "proposed": {
      "PIQE": 49.84154720961742,
      "BRISQUE": 15.597627767524244,
      "NIQE": null,
      "SSI": 0.7937682867050171,
      "SMPI": 0.8026087880134583,
      "DR-IQA": null,
      "FSIM": 0.8817856311798096,
      "SSIM": 0.9999158180071823
    }
  },
  "drusen2": {
    "Original": {
      "PIQE": 30.506677280478545,
      "BRISQUE": 29.741650103157298,
      "NIQE": null,
      "SSI": 1.0,
      "SMPI": 1.0,
      "DR-IQA": null,
      "FSIM": 0.9030076861381531,
      "SSIM": 0.9999898807649522
    },
    "bm3d": {
      "PIQE": 84.45070783794681,
      "BRISQUE": 44.90286550336779,
      "NIQE": null,
      "SSI": 0.8829977512359619,
      "SMPI": 0.9793736338615417,
      "DR-IQA": null,
      "FSIM": 1.0,
      "SSIM": 0.9999999999645632
    },
    "nlmeans": {
      "PIQE": 81.5895344325852,
      "BRISQUE": 38.74463938988876,
      "NIQE": null,
      "SSI": 0.7428936958312988,
      "SMPI": 0.989773690700531,
      "DR-IQA": null,
      "FSIM": 0.9870443344116211,
      "SSIM": 0.9999931696514454
    },
    "srad": {
      "PIQE": 89.78061538621797,
      "BRISQUE": 59.53059822302086,
      "NIQE": null,
      "SSI": 0.8873152136802673,
      "SMPI": 0.8334923982620239,
      "DR-IQA": null,
      "FSIM": 0.8787902593612671,
      "SSIM": 0.9999504214624446
    },
    "proposed": {
      "PIQE": 29.913747399902324,
      "BRISQUE": 14.047340544716661,
      "NIQE": null,
      "SSI": 0.9910582900047302,
      "SMPI": 0.773036777973175,
      "DR-IQA": null,
      "FSIM": 0.8952677249908447,
      "SSIM": 0.9999379747404354
    }
  },
  "normal1": {
    "Original": {
      "PIQE": 50.76000643207427,
      "BRISQUE": 43.508183656476575,